Country,Year,Gini
Albania,2020,29.4
Albania,2019,30.1
Albania,2018,30.1
Albania,2017,33.1
Albania,2016,33.7
Albania,2015,32.8
Albania,2014,34.6
Albania,2012,29
Albania,2008,30
Albania,2005,30.6
Albania,2002,31.7
Algeria,2011,27.6
Angola,2018,51.3
Angola,2008,42.7
Angola,2000,52
Argentina,2021,42
Argentina,2020,42.3
Argentina,2019,42.9
Argentina,2018,41.3
Argentina,2017,41.1
Argentina,2016,42
Argentina,2014,41.6
Argentina,2013,40.9
Argentina,2012,41.3
Argentina,2011,42.6
Argentina,2010,43.6
Argentina,2009,43.7
Argentina,2008,44.9
Argentina,2007,46.2
Argentina,2006,46.3
Argentina,2005,47.7
Argentina,2004,48.4
Argentina,2003,50.9
Argentina,2002,53.8
Argentina,2001,53.3
Argentina,2000,51.1
Armenia,2021,27.9
Armenia,2020,25.1
Armenia,2019,30
Armenia,2018,34.4
Armenia,2017,33.6
Armenia,2016,32.5
Armenia,2015,32.4
Armenia,2014,31.5
Armenia,2013,30.6
Armenia,2012,29.6
Armenia,2011,29.4
Armenia,2010,30
Armenia,2009,28
Armenia,2008,29.2
Armenia,2007,31.2
Armenia,2006,29.7
Armenia,2005,36
Armenia,2004,37.5
Armenia,2003,33
Armenia,2002,34.8
Armenia,2001,35.4
Australia,2018,34.3
Australia,2016,33.7
Australia,2014,34.4
Australia,2010,34.7
Australia,2008,35.4
Australia,2004,33.1
Australia,2003,33.5
Australia,2001,33.5
Austria,2020,29.8
Austria,2019,30.2
Austria,2018,30.8
Austria,2017,29.7
Austria,2016,30.8
Austria,2015,30.5
Austria,2014,30.5
Austria,2013,30.8
Austria,2012,30.5
Austria,2011,30.8
Austria,2010,30.3
Austria,2009,31.5
Austria,2008,30.4
Austria,2007,30.6
Austria,2006,29.6
Austria,2005,28.7
Austria,2004,29.8
Austria,2003,29.5
Austria,2000,29
Azerbaijan,2005,26.6
Azerbaijan,2004,26.6
Azerbaijan,2003,26.8
Azerbaijan,2002,25.3
Azerbaijan,2001,36.5
Bangladesh,2022,31.8
Bangladesh,2016,32.4
Bangladesh,2010,32.1
Bangladesh,2005,33.2
Bangladesh,2000,33.4
Belarus,2020,24.4
Belarus,2019,25.3
Belarus,2018,25.2
Belarus,2017,25.4
Belarus,2016,25.3
Belarus,2015,25.6
Belarus,2014,27.2
Belarus,2013,26.6
Belarus,2012,26.5
Belarus,2011,27.2
Belarus,2010,28.6
Belarus,2009,27.7
Belarus,2008,27.8
Belarus,2007,29.6
Belarus,2006,28.3
Belarus,2005,27.6
Belarus,2004,26.5
Belarus,2003,28.8
Belarus,2002,30.3
Belarus,2001,30.6
Belarus,2000,31.2
Belgium,2020,26
Belgium,2019,27.2
Belgium,2018,27.2
Belgium,2017,27.4
Belgium,2016,27.6
Belgium,2015,27.7
Belgium,2014,28.1
Belgium,2013,27.7
Belgium,2012,27.5
Belgium,2011,28.1
Belgium,2010,28.4
Belgium,2009,28.6
Belgium,2008,28.4
Belgium,2007,29.2
Belgium,2006,28.1
Belgium,2005,29.3
Belgium,2004,30.5
Belgium,2003,28.1
Belgium,2000,33.1
Benin,2018,37.9
Benin,2015,47.8
Benin,2011,43.4
Benin,2003,38.6
Bhutan,2022,28.5
Bhutan,2017,37.4
Bhutan,2012,38.8
Bhutan,2007,38.1
Bhutan,2003,40.9
Bolivia,2021,40.9
Bolivia,2020,43.6
Bolivia,2019,41.6
Bolivia,2018,42.6
Bolivia,2017,44.6
Bolivia,2016,45.2
Bolivia,2015,46.7
Bolivia,2014,47.8
Bolivia,2013,47.6
Bolivia,2012,46.6
Bolivia,2011,46.1
Bolivia,2009,49.2
Bolivia,2008,50.8
Bolivia,2007,54.5
Bolivia,2006,56.7
Bolivia,2005,58.5
Bolivia,2004,55
Bolivia,2002,59.3
Bolivia,2001,57.4
Bolivia,2000,61.6
Bosnia and Herzegovina,2011,33
Bosnia and Herzegovina,2007,33.1
Bosnia and Herzegovina,2004,34
Bosnia and Herzegovina,2001,30
Botswana,2015,53.3
Botswana,2009,60.5
Botswana,2002,64.7
Brazil,2021,52.9
Brazil,2020,48.9
Brazil,2019,53.5
Brazil,2018,53.9
Brazil,2017,53.3
Brazil,2016,53.3
Brazil,2015,51.9
Brazil,2014,52
Brazil,2013,52.7
Brazil,2012,53.4
Brazil,2011,52.9
Brazil,2009,53.7
Brazil,2008,54
Brazil,2007,54.9
Brazil,2006,55.6
Brazil,2005,56.3
Brazil,2004,56.5
Brazil,2003,57.6
Brazil,2002,58.1
Brazil,2001,58.4
Bulgaria,2020,40.5
Bulgaria,2019,40.3
Bulgaria,2018,41.3
Bulgaria,2017,40.4
Bulgaria,2016,40.6
Bulgaria,2015,38.6
Bulgaria,2014,37.4
Bulgaria,2013,36.6
Bulgaria,2012,36
Bulgaria,2011,34.3
Bulgaria,2010,35.7
Bulgaria,2009,33.8
Bulgaria,2008,33.6
Bulgaria,2007,36.1
Bulgaria,2006,35.7
Burkina Faso,2018,43
Burkina Faso,2014,35.3
Burkina Faso,2009,39.8
Burkina Faso,2003,43.3
Burundi,2013,38.6
Burundi,2006,33.4
CÃ´te d'Ivoire,2018,37.2
CÃ´te d'Ivoire,2015,41.5
CÃ´te d'Ivoire,2008,43.2
CÃ´te d'Ivoire,2002,41.3
Cabo Verde,2015,42.4
Cabo Verde,2007,47.2
Cabo Verde,2001,52.5
Cameroon,2014,46.6
Cameroon,2007,42.8
Cameroon,2001,42.1
Canada,2019,31.7
Canada,2018,32.5
Canada,2017,33.3
Canada,2016,32.7
Canada,2015,33.7
Canada,2014,33.2
Canada,2013,33.8
Canada,2012,33.5
Canada,2011,32.7
Canada,2010,33.6
Canada,2009,34
Canada,2008,33.9
Canada,2007,33.8
Canada,2006,34.1
Canada,2005,33.6
Canada,2004,33.8
Canada,2003,33.8
Canada,2002,33.6
Canada,2001,33.6
Canada,2000,33.4
Central African Republic,2021,43
Central African Republic,2008,56.2
Chad,2018,37.5
Chad,2011,43.3
Chad,2003,39.8
Chile,2020,44.9
Chile,2017,44.4
Chile,2015,44.4
Chile,2013,45.8
Chile,2011,46
Chile,2009,47
Chile,2006,47.3
Chile,2003,51.5
Chile,2000,52.8
China,2020,37.1
China,2019,38.2
China,2018,38.5
China,2017,39.1
China,2016,38.5
China,2015,38.6
China,2014,39.2
China,2013,39.7
China,2012,42.2
China,2011,42.4
China,2010,43.7
China,2008,43
China,2005,40.9
China,2002,42
Colombia,2021,51.5
Colombia,2020,53.5
Colombia,2019,51.3
Colombia,2018,50.4
Colombia,2017,49.7
Colombia,2016,50.6
Colombia,2015,51
Colombia,2014,52.6
Colombia,2013,52.6
Colombia,2012,52.6
Colombia,2011,53.5
Colombia,2010,54.6
Colombia,2009,54.3
Colombia,2008,55.3
Colombia,2005,53.9
Colombia,2004,55
Colombia,2003,53.6
Colombia,2002,56
Colombia,2001,57.5
Colombia,2000,58.7
Comoros,2014,45.3
Comoros,2004,55.9
Congo,2011,48.9
Congo,2005,47.3
Costa Rica,2022,47.2
Costa Rica,2021,48.7
Costa Rica,2020,49.2
Costa Rica,2019,48.2
Costa Rica,2018,48
Costa Rica,2017,48.3
Costa Rica,2016,48.7
Costa Rica,2015,48.4
Costa Rica,2014,48.6
Costa Rica,2013,49.2
Costa Rica,2012,48.4
Costa Rica,2011,48.8
Costa Rica,2010,48
Costa Rica,2009,50.6
Costa Rica,2008,48.6
Costa Rica,2007,49.3
Costa Rica,2006,49.3
Costa Rica,2005,47.5
Costa Rica,2004,48.4
Costa Rica,2003,49.3
Costa Rica,2002,51.8
Costa Rica,2001,51.5
Costa Rica,2000,47.4
Croatia,2020,29.5
Croatia,2019,28.9
Croatia,2018,29.7
Croatia,2017,30.4
Croatia,2016,30.9
Croatia,2015,31.1
Croatia,2014,32.1
Croatia,2013,32
Croatia,2012,32.5
Croatia,2011,32.3
Croatia,2010,32.4
Croatia,2009,32.6
Cyprus,2020,31.7
Cyprus,2019,31.2
Cyprus,2018,32.7
Cyprus,2017,31.4
Cyprus,2016,32.9
Cyprus,2015,34
Cyprus,2014,35.6
Cyprus,2013,37
Cyprus,2012,34.3
Cyprus,2011,32.6
Cyprus,2010,31.5
Cyprus,2009,32.1
Cyprus,2008,31.7
Cyprus,2007,31.1
Cyprus,2006,31.1
Cyprus,2005,30.3
Cyprus,2004,30.1
Czechia,2020,26.2
Czechia,2019,25.3
Czechia,2018,25
Czechia,2017,24.9
Czechia,2016,25.4
Czechia,2015,25.9
Czechia,2014,25.9
Czechia,2013,26.5
Czechia,2012,26.1
Czechia,2011,26.4
Czechia,2010,26.6
Czechia,2009,26.2
Czechia,2008,26.3
Czechia,2007,26
Czechia,2006,26.7
Czechia,2005,26.9
Czechia,2004,27.5
Czechia,2002,26.6
Dem. Rep. Congo,2012,42.1
Dem. Rep. Congo,2004,42.2
Denmark,2020,27.5
Denmark,2019,27.7
Denmark,2018,28.2
Denmark,2017,28.7
Denmark,2016,28.2
Denmark,2015,28.2
Denmark,2014,28.4
Denmark,2013,28.5
Denmark,2012,27.8
Denmark,2011,27.3
Denmark,2010,27.2
Denmark,2009,26.7
Denmark,2008,25.2
Denmark,2007,26.2
Denmark,2006,25.9
Denmark,2005,25.2
Denmark,2004,24.9
Denmark,2003,25.6
Denmark,2000,23.8
Djibouti,2017,41.6
Djibouti,2013,44.1
Djibouti,2012,45.1
Djibouti,2002,40
Dominican Republic,2021,38.5
Dominican Republic,2020,39.6
Dominican Republic,2019,41.9
Dominican Republic,2018,43.7
Dominican Republic,2017,42.2
Dominican Republic,2016,45.7
Dominican Republic,2015,45.2
Dominican Republic,2014,44.3
Dominican Republic,2013,47.7
Dominican Republic,2012,46.1
Dominican Republic,2011,47.7
Dominican Republic,2010,47.3
Dominican Republic,2009,48.9
Dominican Republic,2008,48.1
Dominican Republic,2007,48.9
Dominican Republic,2006,52
Dominican Republic,2005,50
Dominican Republic,2004,52.1
Dominican Republic,2003,52.1
Dominican Republic,2002,49.7
Dominican Republic,2001,50
Dominican Republic,2000,51.5
Ecuador,2022,45.5
Ecuador,2021,45.8
Ecuador,2020,47.3
Ecuador,2019,45.7
Ecuador,2018,45.4
Ecuador,2017,44.7
Ecuador,2016,45
Ecuador,2015,46
Ecuador,2014,45
Ecuador,2013,46.9
Ecuador,2012,46.1
Ecuador,2011,45.9
Ecuador,2010,48.8
Ecuador,2009,48.5
Ecuador,2008,49.8
Ecuador,2007,53.4
Ecuador,2006,52.3
Ecuador,2005,53.1
Ecuador,2004,53.9
Ecuador,2003,53.5
Ecuador,2000,56.4
Egypt,2019,31.9
Egypt,2017,31.5
Egypt,2015,31.8
Egypt,2012,28.3
Egypt,2010,30.2
Egypt,2008,31.1
Egypt,2004,31.8
El Salvador,2022,38.8
El Salvador,2021,39
El Salvador,2019,38.8
El Salvador,2018,38.6
El Salvador,2017,38
El Salvador,2016,40
El Salvador,2015,40.6
El Salvador,2014,41.6
El Salvador,2013,43.4
El Salvador,2012,41.8
El Salvador,2011,42.3
El Salvador,2010,43.5
El Salvador,2009,45.8
El Salvador,2008,46.9
El Salvador,2007,45.2
El Salvador,2006,45.7
El Salvador,2005,48.5
El Salvador,2004,47.8
El Salvador,2003,50.5
El Salvador,2002,51.9
El Salvador,2001,51.4
El Salvador,2000,51.5
Estonia,2020,30.7
Estonia,2019,30.8
Estonia,2018,30.3
Estonia,2017,30.4
Estonia,2016,31.2
Estonia,2015,32.7
Estonia,2014,34.6
Estonia,2013,35.1
Estonia,2012,32.9
Estonia,2011,32.5
Estonia,2010,32
Estonia,2009,31.4
Estonia,2008,31.9
Estonia,2007,31.2
Estonia,2006,33.7
Estonia,2005,33.4
Estonia,2004,33.6
Estonia,2003,37.2
Eswatini,2016,54.6
Eswatini,2009,51.5
Eswatini,2000,53.1
Ethiopia,2015,35
Ethiopia,2010,33.2
Ethiopia,2004,29.8
Fiji,2019,30.7
Fiji,2013,36.7
Fiji,2008,40.4
Fiji,2002,38.1
Finland,2020,27.1
Finland,2019,27.7
Finland,2018,27.3
Finland,2017,27.4
Finland,2016,27.1
Finland,2015,27.1
Finland,2014,26.8
Finland,2013,27.2
Finland,2012,27.1
Finland,2011,27.6
Finland,2010,27.7
Finland,2009,27.5
Finland,2008,27.8
Finland,2007,28.3
Finland,2006,28
Finland,2005,27.6
Finland,2004,27.9
Finland,2003,27.7
Finland,2000,27.2
France,2020,30.7
France,2019,31.2
France,2018,32.4
France,2017,31.6
France,2016,31.9
France,2015,32.7
France,2014,32.3
France,2013,32.5
France,2012,33.1
France,2011,33.3
France,2010,33.7
France,2009,32.7
France,2008,33
France,2007,32.4
France,2006,29.7
France,2005,29.8
France,2004,30.6
France,2003,31.4
France,2002,31.8
France,2001,32.5
France,2000,32.6
Gabon,2017,38
Gabon,2005,42.2
Georgia,2021,34.2
Georgia,2020,34.5
Georgia,2019,35.9
Georgia,2018,36.4
Georgia,2017,37.9
Georgia,2016,36.6
Georgia,2015,36.5
Georgia,2014,37.6
Georgia,2013,38.6
Georgia,2012,39
Georgia,2011,39.6
Georgia,2010,39.5
Georgia,2009,38.2
Georgia,2008,38.5
Georgia,2007,38.1
Georgia,2006,36.9
Georgia,2005,37.4
Georgia,2004,36.2
Georgia,2003,36.7
Georgia,2002,37.2
Georgia,2001,39.6
Georgia,2000,40.5
Germany,2019,31.7
Germany,2018,31.8
Germany,2017,31.9
Germany,2016,31.4
Germany,2015,31.4
Germany,2014,30.9
Germany,2013,31.5
Germany,2012,31.1
Germany,2011,30.7
Germany,2010,30.3
Germany,2009,30.5
Germany,2008,30.9
Germany,2007,31.1
Germany,2006,31
Germany,2005,31.6
Germany,2004,30.2
Germany,2003,29.9
Germany,2002,29.9
Germany,2001,29.9
Germany,2000,28.8
Ghana,2016,43.5
Ghana,2012,42.4
Ghana,2005,42.8
Greece,2020,33.6
Greece,2019,33.1
Greece,2018,32.9
Greece,2017,34.4
Greece,2016,35
Greece,2015,36
Greece,2014,35.8
Greece,2013,36.1
Greece,2012,36.3
Greece,2011,34.8
Greece,2010,34.1
Greece,2009,33.6
Greece,2008,33.6
Greece,2007,34
Greece,2006,35.1
Greece,2005,34.6
Greece,2004,33.6
Greece,2003,32.8
Greece,2000,34.2
Guatemala,2014,48.3
Guatemala,2006,54.6
Guatemala,2000,54.2
Guinea,2018,29.6
Guinea,2012,33.7
Guinea,2007,39.4
Guinea,2002,43
Guinea-Bissau,2018,34.8
Guinea-Bissau,2010,50.7
Guinea-Bissau,2002,35.6
Haiti,2012,41.1
Honduras,2019,48.2
Honduras,2018,48.9
Honduras,2017,49.4
Honduras,2016,49.8
Honduras,2015,49.2
Honduras,2014,49.9
Honduras,2013,50
Honduras,2012,53.4
Honduras,2011,52.6
Honduras,2010,53.1
Honduras,2009,51.3
Honduras,2008,55.5
Honduras,2007,55.8
Honduras,2006,57.5
Honduras,2005,59.5
Honduras,2004,58.1
Honduras,2003,58.1
Honduras,2002,55.7
Honduras,2001,55.4
Hungary,2020,29.7
Hungary,2019,30
Hungary,2018,29.6
Hungary,2017,30.6
Hungary,2016,30.3
Hungary,2015,30.4
Hungary,2014,30.9
Hungary,2013,31.5
Hungary,2012,30.8
Hungary,2011,29.2
Hungary,2010,29.4
Hungary,2009,27
Hungary,2008,27.5
Hungary,2007,27.9
Hungary,2006,28.3
Hungary,2005,34.7
Hungary,2004,29.9
Iceland,2017,26.1
Iceland,2016,27.2
Iceland,2015,26.8
Iceland,2014,27.8
Iceland,2013,25.4
Iceland,2012,26.8
Iceland,2011,26.8
Iceland,2010,26.2
Iceland,2009,28.7
Iceland,2008,31.8
Iceland,2007,29.5
Iceland,2006,30.2
Iceland,2005,29
Iceland,2004,28
Iceland,2003,26.8
India,2021,34.2
India,2020,34.8
India,2019,35
India,2018,34.6
India,2017,35.9
India,2016,34.8
India,2015,34.7
India,2011,35.7
India,2009,35.4
India,2004,34.4
Indonesia,2022,37.9
Indonesia,2021,37.9
Indonesia,2020,37.6
Indonesia,2019,37.6
Indonesia,2018,38.4
Indonesia,2017,38.8
Indonesia,2016,39.3
Indonesia,2015,40.4
Indonesia,2014,40.2
Indonesia,2013,40.8
Indonesia,2012,40.5
Indonesia,2011,40.5
Indonesia,2010,37.2
Indonesia,2009,36
Indonesia,2008,36.1
Indonesia,2007,36.7
Indonesia,2006,35.3
Indonesia,2005,34.1
Indonesia,2004,33.9
Indonesia,2003,33
Indonesia,2002,32.8
Indonesia,2001,30
Indonesia,2000,29.5
Iran,2019,40.9
Iran,2018,42
Iran,2017,40.8
Iran,2016,40
Iran,2015,39.5
Iran,2014,38.8
Iran,2013,37.4
Iran,2009,42.1
Iran,2006,44.8
Iran,2005,43.6
Iraq,2012,29.5
Iraq,2006,28.6
Ireland,2020,29.2
Ireland,2019,30.8
Ireland,2018,30.6
Ireland,2017,31.4
Ireland,2016,32.8
Ireland,2015,31.8
Ireland,2014,31.9
Ireland,2013,33.5
Ireland,2012,33.2
Ireland,2011,32.9
Ireland,2010,32.3
Ireland,2009,32.7
Ireland,2008,30.9
Ireland,2007,31.9
Ireland,2006,32.7
Ireland,2005,33.8
Ireland,2004,33.6
Ireland,2003,32.9
Ireland,2002,32.3
Ireland,2000,33
Israel,2018,38.6
Israel,2017,38.2
Israel,2016,39
Israel,2015,39.7
Israel,2014,39.8
Israel,2013,40.2
Israel,2012,41.6
Israel,2011,41.4
Israel,2010,42.5
Israel,2009,42.6
Israel,2008,41.6
Israel,2007,41.1
Israel,2006,41.6
Israel,2005,42.3
Israel,2004,41.5
Israel,2003,40.7
Israel,2002,39.6
Israel,2001,38.9
Italy,2020,35.2
Italy,2019,34.6
Italy,2018,35.2
Italy,2017,35.9
Italy,2016,35.2
Italy,2015,35.4
Italy,2014,34.7
Italy,2013,34.9
Italy,2012,35.2
Italy,2011,35.1
Italy,2010,34.7
Italy,2009,33.8
Italy,2008,33.8
Italy,2007,32.9
Italy,2006,33.7
Italy,2005,33.8
Italy,2004,34.3
Italy,2003,34.9
Italy,2000,35.3
Jamaica,2004,45.5
Jamaica,2002,48.3
Japan,2013,32.9
Japan,2010,32.1
Japan,2008,34.8
Jordan,2010,33.7
Jordan,2008,32.6
Jordan,2006,33.9
Jordan,2002,37
Kazakhstan,2018,27.8
Kazakhstan,2017,27.5
Kazakhstan,2016,27.2
Kazakhstan,2015,26.8
Kazakhstan,2014,27
Kazakhstan,2013,27.1
Kazakhstan,2012,28.2
Kazakhstan,2011,28
Kazakhstan,2010,28
Kazakhstan,2009,28.2
Kazakhstan,2008,28.5
Kazakhstan,2007,30.1
Kazakhstan,2006,30.2
Kazakhstan,2005,39.8
Kazakhstan,2004,31.8
Kazakhstan,2003,33.7
Kazakhstan,2002,34.8
Kazakhstan,2001,36
Kenya,2021,38.7
Kenya,2020,36.2
Kenya,2015,40.8
Kenya,2005,46.5
Kiribati,2019,27.8
Kiribati,2006,37
Korea,2016,31.4
Korea,2014,31.2
Korea,2012,31.6
Korea,2010,32
Korea,2008,32.3
Korea,2006,31.7
Kosovo,2017,29
Kosovo,2016,26.7
Kosovo,2015,26.5
Kosovo,2014,27.3
Kosovo,2013,26.3
Kosovo,2012,29
Kosovo,2011,27.8
Kosovo,2010,33.3
Kosovo,2009,31.8
Kosovo,2006,30.3
Kosovo,2005,31.2
Kosovo,2003,29
Kyrgyz Republic,2020,29
Kyrgyz Republic,2019,29.7
Kyrgyz Republic,2018,27.7
Kyrgyz Republic,2017,27.3
Kyrgyz Republic,2016,26.8
Kyrgyz Republic,2015,29
Kyrgyz Republic,2014,26.8
Kyrgyz Republic,2013,28.8
Kyrgyz Republic,2012,27.4
Kyrgyz Republic,2011,27.8
Kyrgyz Republic,2010,30.1
Kyrgyz Republic,2009,29.9
Kyrgyz Republic,2008,31.5
Kyrgyz Republic,2007,33.9
Kyrgyz Republic,2006,37.4
Kyrgyz Republic,2005,32.6
Kyrgyz Republic,2004,34.8
Kyrgyz Republic,2003,28.7
Kyrgyz Republic,2002,30.3
Kyrgyz Republic,2001,30.2
Kyrgyz Republic,2000,31
Lao PDR,2018,38.8
Lao PDR,2012,36
Lao PDR,2007,35.4
Lao PDR,2002,32.6
Latvia,2020,35.7
Latvia,2019,34.5
Latvia,2018,35.1
Latvia,2017,35.6
Latvia,2016,34.3
Latvia,2015,34.2
Latvia,2014,35.1
Latvia,2013,35.5
Latvia,2012,35.2
Latvia,2011,35.8
Latvia,2010,35
Latvia,2009,36
Latvia,2008,37.2
Latvia,2007,37.5
Latvia,2006,35.6
Latvia,2005,39
Latvia,2004,36.4
Lebanon,2011,31.8
Lesotho,2017,44.9
Lesotho,2002,51.6
Liberia,2016,35.3
Liberia,2014,33.2
Liberia,2007,36.5
Lithuania,2020,36
Lithuania,2019,35.3
Lithuania,2018,35.7
Lithuania,2017,37.3
Lithuania,2016,38.4
Lithuania,2015,37.4
Lithuania,2014,37.7
Lithuania,2013,35.3
Lithuania,2012,35.1
Lithuania,2011,32.5
Lithuania,2010,33.6
Lithuania,2009,37.2
Lithuania,2008,35.7
Lithuania,2007,34.8
Lithuania,2006,34.4
Lithuania,2005,35.3
Lithuania,2004,37
Luxembourg,2020,33.4
Luxembourg,2019,34.2
Luxembourg,2018,35.4
Luxembourg,2017,34.5
Luxembourg,2016,31.7
Luxembourg,2015,32.9
Luxembourg,2014,31.2
Luxembourg,2013,32
Luxembourg,2012,34.3
Luxembourg,2011,32.1
Luxembourg,2010,30.5
Luxembourg,2009,31.2
Luxembourg,2008,32.6
Luxembourg,2007,31.1
Luxembourg,2006,30.9
Luxembourg,2005,30.8
Luxembourg,2004,30.2
Luxembourg,2003,30.2
Luxembourg,2002,31
Luxembourg,2001,30.9
Luxembourg,2000,30.1
Madagascar,2012,42.6
Madagascar,2010,42.4
Madagascar,2005,39.9
Madagascar,2001,47.4
Malawi,2019,38.5
Malawi,2016,44.7
Malawi,2010,45.5
Malawi,2004,39.9
Malaysia,2018,41.2
Malaysia,2015,41.1
Malaysia,2013,41.3
Malaysia,2011,43.9
Malaysia,2008,45.5
Malaysia,2006,44.8
Malaysia,2003,46.4
Maldives,2019,29.3
Maldives,2016,31.3
Maldives,2009,38.4
Maldives,2002,41.3
Mali,2018,36
Mali,2009,33
Mali,2006,38.9
Mali,2001,39.9
Malta,2020,31.4
Malta,2019,31
Malta,2018,28.7
Malta,2017,29.2
Malta,2016,29.1
Malta,2015,29.4
Malta,2014,29
Malta,2013,28.8
Malta,2012,29.4
Malta,2011,29.1
Malta,2010,29
Malta,2009,30.2
Malta,2008,29
Malta,2007,29.2
Malta,2006,28
Marshall Islands,2019,35.5
Mauritania,2014,32.6
Mauritania,2008,35.7
Mauritania,2004,40.2
Mauritania,2000,39
Mauritius,2017,36.8
Mauritius,2012,38.5
Mauritius,2006,35.7
Mexico,2020,45.4
Mexico,2018,46.7
Mexico,2016,47.7
Mexico,2014,48.7
Mexico,2012,48.7
Mexico,2010,47.2
Mexico,2008,49.9
Mexico,2006,48.9
Mexico,2005,50.1
Mexico,2004,50
Mexico,2002,50.1
Mexico,2000,52.6
Micronesia,2013,40.1
Micronesia,2005,42.4
Moldova,2021,25.7
Moldova,2019,26
Moldova,2018,25.7
Moldova,2017,25.9
Moldova,2016,26.3
Moldova,2015,27
Moldova,2014,26.8
Moldova,2013,28.5
Moldova,2012,29.2
Moldova,2011,30.6
Moldova,2010,32.1
Moldova,2009,32.9
Moldova,2008,34.7
Moldova,2007,34.4
Moldova,2006,35.4
Moldova,2005,36.3
Moldova,2004,35
Moldova,2003,34.9
Moldova,2002,35.8
Moldova,2001,38
Moldova,2000,36.4
Mongolia,2018,32.7
Mongolia,2016,32.3
Mongolia,2014,32
Mongolia,2012,33.8
Mongolia,2011,33.9
Mongolia,2010,33.1
Mongolia,2007,35.8
Mongolia,2002,32.9
Montenegro,2018,36.8
Montenegro,2017,36.9
Montenegro,2016,38.5
Montenegro,2015,39
Montenegro,2014,38.8
Montenegro,2013,39
Montenegro,2012,41.2
Morocco,2013,39.5
Morocco,2006,40.7
Morocco,2000,40.6
Mozambique,2019,50.5
Mozambique,2014,54
Mozambique,2008,45.6
Mozambique,2002,47
Myanmar,2017,30.7
Myanmar,2015,38.1
Namibia,2015,59.1
Namibia,2009,61
Namibia,2003,63.3
Nauru,2012,32.4
Nepal,2010,32.8
Nepal,2003,43.8
Netherlands,2020,26
Netherlands,2019,29.2
Netherlands,2018,28.1
Netherlands,2017,28.5
Netherlands,2016,28.2
Netherlands,2015,28.2
Netherlands,2014,28.6
Netherlands,2013,28.1
Netherlands,2012,27.6
Netherlands,2011,27.8
Netherlands,2010,27.8
Netherlands,2009,27.9
Netherlands,2008,29.3
Netherlands,2007,29.6
Netherlands,2006,30
Netherlands,2005,29
Netherlands,2004,29.8
Nicaragua,2014,46.2
Nicaragua,2009,43.9
Nicaragua,2005,48.8
Nicaragua,2001,52.9
Niger,2018,37.3
Niger,2014,34.3
Niger,2011,31.5
Niger,2007,37.3
Niger,2005,44.4
Nigeria,2018,35.1
Nigeria,2015,35.9
Nigeria,2012,35.5
Nigeria,2010,35.7
Nigeria,2003,40.1
North Macedonia,2019,33.5
North Macedonia,2018,33
North Macedonia,2017,34.2
North Macedonia,2016,34.5
North Macedonia,2015,35.6
North Macedonia,2014,35.2
North Macedonia,2013,36.2
North Macedonia,2012,38.1
North Macedonia,2011,39.4
North Macedonia,2010,40.2
North Macedonia,2009,42.8
Norway,2019,27.7
Norway,2018,27.6
Norway,2017,27
Norway,2016,28.5
Norway,2015,27.5
Norway,2014,26.8
Norway,2013,26.4
Norway,2012,25.7
Norway,2011,25.3
Norway,2010,25.7
Norway,2009,26.2
Norway,2008,27
Norway,2007,27.1
Norway,2006,26.4
Norway,2005,30.6
Norway,2004,31.6
Norway,2003,27.6
Norway,2000,27.4
Pakistan,2018,29.6
Pakistan,2015,31.3
Pakistan,2013,29.5
Pakistan,2011,29.7
Pakistan,2010,28.8
Pakistan,2007,29.7
Pakistan,2005,31.3
Pakistan,2004,30.9
Pakistan,2001,28.7
Panama,2021,50.9
Panama,2019,49.8
Panama,2018,49.2
Panama,2017,49.9
Panama,2016,50.4
Panama,2015,50.8
Panama,2014,50.5
Panama,2013,51.5
Panama,2012,51.7
Panama,2011,51.3
Panama,2010,51.6
Panama,2009,51.8
Panama,2008,52.7
Panama,2007,52.7
Panama,2006,54.6
Panama,2005,53.8
Panama,2004,54.8
Panama,2003,55.7
Panama,2002,56.1
Panama,2001,56.7
Panama,2000,56.6
Papua New Guinea,2009,41.9
Paraguay,2022,45.1
Paraguay,2021,42.9
Paraguay,2020,43.5
Paraguay,2019,45.7
Paraguay,2018,46
Paraguay,2017,48.5
Paraguay,2016,47.9
Paraguay,2015,47.6
Paraguay,2014,50.7
Paraguay,2013,47.9
Paraguay,2012,47.6
Paraguay,2011,52.3
Paraguay,2010,51
Paraguay,2009,49.1
Paraguay,2008,50.7
Paraguay,2007,53
Paraguay,2006,53
Paraguay,2005,51.4
Paraguay,2004,52.3
Paraguay,2003,54.9
Paraguay,2002,57.3
Paraguay,2001,54.6
Peru,2021,40.2
Peru,2020,43.8
Peru,2019,41.6
Peru,2018,42.4
Peru,2017,43.3
Peru,2016,43.6
Peru,2015,43.4
Peru,2014,43.1
Peru,2013,43.9
Peru,2012,44.4
Peru,2011,44.7
Peru,2010,45.5
Peru,2009,47
Peru,2008,47.5
Peru,2007,50
Peru,2006,50.3
Peru,2005,50.5
Peru,2004,49.9
Peru,2003,53.1
Peru,2002,53.6
Peru,2001,51.3
Peru,2000,49.1
Philippines,2021,40.7
Philippines,2018,42.3
Philippines,2015,44.6
Philippines,2012,46.5
Philippines,2009,46.3
Philippines,2006,47.2
Philippines,2003,46.6
Philippines,2000,47.7
Poland,2019,28.8
Poland,2018,30.2
Poland,2017,29.7
Poland,2016,31.2
Poland,2015,31.8
Poland,2014,32.8
Poland,2013,33.1
Poland,2012,33
Poland,2011,33.2
Poland,2010,33.2
Poland,2009,33.4
Poland,2008,33.5
Poland,2007,34
Poland,2006,34.7
Poland,2005,35.8
Poland,2004,38
Portugal,2020,34.7
Portugal,2019,32.8
Portugal,2018,33.5
Portugal,2017,33.8
Portugal,2016,35.2
Portugal,2015,35.5
Portugal,2014,35.6
Portugal,2013,36.2
Portugal,2012,36
Portugal,2011,36.3
Portugal,2010,35.8
Portugal,2009,34.9
Portugal,2008,36.6
Portugal,2007,36.8
Portugal,2006,38.1
Portugal,2005,38.5
Portugal,2004,38.9
Portugal,2003,38.8
Romania,2020,34.6
Romania,2019,34.8
Romania,2018,35.8
Romania,2017,36
Romania,2016,34.4
Romania,2015,35.9
Romania,2014,36
Romania,2013,36.9
Romania,2012,36.5
Romania,2011,35.9
Romania,2010,35.5
Romania,2009,35.6
Romania,2008,36.4
Romania,2007,37.5
Romania,2006,39.6
Russia,2020,36
Russia,2019,37.7
Russia,2018,37.5
Russia,2017,37.2
Russia,2016,36.8
Russia,2015,37.7
Russia,2014,39.9
Russia,2013,40.9
Russia,2012,40.7
Russia,2011,39.7
Russia,2010,39.5
Russia,2009,39.8
Russia,2008,41.6
Russia,2007,42.3
Russia,2006,41
Russia,2005,41.3
Russia,2004,40.3
Russia,2003,40
Russia,2002,37.3
Russia,2001,36.9
Russia,2000,37.1
Rwanda,2016,43.7
Rwanda,2013,45.1
Rwanda,2010,47.2
Rwanda,2005,52
Rwanda,2000,48.5
SÃ£o TomÃ© and Principe,2017,40.7
SÃ£o TomÃ© and Principe,2010,30.8
SÃ£o TomÃ© and Principe,2000,32.1
Samoa,2013,38.7
Samoa,2008,42
Samoa,2002,40.7
Senegal,2018,38.3
Senegal,2011,40.3
Senegal,2005,39.2
Senegal,2001,41.2
Serbia,2020,35
Serbia,2019,34.5
Serbia,2018,35
Serbia,2017,36.2
Serbia,2016,38.8
Serbia,2015,40.5
Serbia,2014,40.5
Serbia,2013,39.5
Serbia,2012,39.9
Seychelles,2018,32.1
Seychelles,2013,46.8
Sierra Leone,2018,35.7
Sierra Leone,2011,34
Sierra Leone,2003,40.2
Slovak Republic,2019,23.2
Slovak Republic,2018,25
Slovak Republic,2017,23.2
Slovak Republic,2016,25.2
Slovak Republic,2015,26.5
Slovak Republic,2014,26.1
Slovak Republic,2013,28.1
Slovak Republic,2012,26.1
Slovak Republic,2011,26.5
Slovak Republic,2010,27.3
Slovak Republic,2009,27.2
Slovak Republic,2008,26
Slovak Republic,2007,24.7
Slovak Republic,2006,25.8
Slovak Republic,2005,29.3
Slovak Republic,2004,27.1
Slovenia,2020,24
Slovenia,2019,24.4
Slovenia,2018,24.6
Slovenia,2017,24.2
Slovenia,2016,24.8
Slovenia,2015,25.4
Slovenia,2014,25.7
Slovenia,2013,26.2
Slovenia,2012,25.6
Slovenia,2011,24.9
Slovenia,2010,24.9
Slovenia,2009,24.8
Slovenia,2008,23.7
Slovenia,2007,24.4
Slovenia,2006,24.4
Slovenia,2005,24.6
Slovenia,2004,24.8
Solomon Islands,2012,37.1
Solomon Islands,2005,46.1
South Africa,2014,63
South Africa,2010,63.4
South Africa,2008,63
South Africa,2005,64.8
South Africa,2000,57.8
South Sudan,2016,44.1
South Sudan,2009,46.3
Spain,2020,34.9
Spain,2019,34.3
Spain,2018,34.7
Spain,2017,34.7
Spain,2016,35.8
Spain,2015,36.2
Spain,2014,36.1
Spain,2013,36.2
Spain,2012,35.4
Spain,2011,35.7
Spain,2010,35.2
Spain,2009,34.9
Spain,2008,34.2
Spain,2007,34.1
Spain,2006,33.5
Spain,2005,32.4
Spain,2004,33.3
Spain,2003,31.8
Spain,2000,34.1
Sri Lanka,2019,37.7
Sri Lanka,2016,39.3
Sri Lanka,2012,38.7
Sri Lanka,2009,36.1
Sri Lanka,2006,39.7
Sri Lanka,2002,40.2
St. Lucia,2016,51.2
Sudan,2014,34.2
Sudan,2009,35.4
Sweden,2020,28.9
Sweden,2019,29.3
Sweden,2018,30
Sweden,2017,28.8
Sweden,2016,29.6
Sweden,2015,29.2
Sweden,2014,28.4
Sweden,2013,28.8
Sweden,2012,27.6
Sweden,2011,27.6
Sweden,2010,27.7
Sweden,2009,27.3
Sweden,2008,28.1
Sweden,2007,27.1
Sweden,2006,26.4
Sweden,2005,26.8
Sweden,2004,26.1
Sweden,2003,25.3
Sweden,2002,25.8
Sweden,2000,27.2
Switzerland,2018,33.1
Switzerland,2017,32.7
Switzerland,2016,33
Switzerland,2015,32.3
Switzerland,2014,32.5
Switzerland,2013,32.5
Switzerland,2012,31.6
Switzerland,2011,31.7
Switzerland,2010,32.6
Switzerland,2009,32.9
Switzerland,2008,33.8
Switzerland,2007,34.3
Switzerland,2006,33.9
Switzerland,2002,31.7
Switzerland,2000,33.4
Syrian Arab Republic,2003,37.5
TÃ¼rkiye,2019,41.9
TÃ¼rkiye,2018,41.9
TÃ¼rkiye,2017,41.4
TÃ¼rkiye,2016,41.9
TÃ¼rkiye,2015,42.9
TÃ¼rkiye,2014,41.2
TÃ¼rkiye,2013,40.2
TÃ¼rkiye,2012,40.2
TÃ¼rkiye,2011,40
TÃ¼rkiye,2010,38.8
TÃ¼rkiye,2009,39
TÃ¼rkiye,2008,39
TÃ¼rkiye,2007,38.4
TÃ¼rkiye,2006,39.6
TÃ¼rkiye,2005,42.6
TÃ¼rkiye,2004,41.3
TÃ¼rkiye,2003,42.2
TÃ¼rkiye,2002,41.4
Tajikistan,2015,34
Tajikistan,2009,30.8
Tajikistan,2007,32.2
Tajikistan,2004,33.6
Tajikistan,2003,32.7
Tanzania,2018,40.5
Tanzania,2011,37.8
Tanzania,2007,40.3
Tanzania,2000,37.3
Thailand,2021,35.1
Thailand,2020,35
Thailand,2019,34.9
Thailand,2018,36.4
Thailand,2017,36.5
Thailand,2016,36.9
Thailand,2015,36
Thailand,2014,37
Thailand,2013,37.8
Thailand,2012,39.3
Thailand,2011,37.5
Thailand,2010,39.4
Thailand,2009,39.6
Thailand,2008,40.3
Thailand,2007,39.8
Thailand,2006,41.8
Thailand,2004,42.5
Thailand,2002,41.9
Thailand,2000,42.8
The Gambia,2020,38.8
The Gambia,2015,35.9
The Gambia,2010,43.6
The Gambia,2003,47.3
Timor-Leste,2014,28.7
Timor-Leste,2007,27.8
Timor-Leste,2001,35.9
Togo,2018,42.5
Togo,2015,43.1
Togo,2011,46
Togo,2006,42.2
Tonga,2015,33.5
Tonga,2009,37.5
Tonga,2000,37.7
Tunisia,2015,32.8
Tunisia,2010,35.8
Tunisia,2005,37.7
Tunisia,2000,40.8
Tuvalu,2010,39.1
Uganda,2019,42.7
Uganda,2016,42.8
Uganda,2012,41
Uganda,2009,44.2
Uganda,2005,42.9
Uganda,2002,45.2
Ukraine,2020,25.6
Ukraine,2019,26.6
Ukraine,2018,26.1
Ukraine,2017,26
Ukraine,2016,25
Ukraine,2015,25.5
Ukraine,2014,24
Ukraine,2013,24.6
Ukraine,2012,24.7
Ukraine,2011,24.6
Ukraine,2010,24.8
Ukraine,2009,25.3
Ukraine,2008,26.6
Ukraine,2007,27
Ukraine,2006,29.8
Ukraine,2005,29
Ukraine,2004,28.9
Ukraine,2003,28.7
Ukraine,2002,29
United Arab Emirates,2018,26
United Arab Emirates,2013,32.5
United Kingdom,2020,32.6
United Kingdom,2019,32.8
United Kingdom,2018,33.7
United Kingdom,2017,32.6
United Kingdom,2016,33.1
United Kingdom,2015,33.3
United Kingdom,2014,33.1
United Kingdom,2013,32.7
United Kingdom,2012,33.1
United Kingdom,2011,33.2
United Kingdom,2010,33.7
United Kingdom,2009,35.1
United Kingdom,2008,35.4
United Kingdom,2007,34.4
United Kingdom,2006,35.9
United Kingdom,2005,35.5
United Kingdom,2004,34.8
United Kingdom,2003,34.9
United Kingdom,2002,35.1
United Kingdom,2001,37.1
United Kingdom,2000,38.8
United States,2021,39.8
United States,2020,39.7
United States,2019,41.5
United States,2018,41.4
United States,2017,41.2
United States,2016,41.1
United States,2015,41.2
United States,2014,41.5
United States,2013,40.7
United States,2012,40.9
United States,2011,40.9
United States,2010,40
United States,2009,40.6
United States,2008,40.8
United States,2007,40.8
United States,2006,41.4
United States,2005,41
United States,2004,40.3
United States,2003,40.8
United States,2002,40.4
United States,2001,40.6
United States,2000,40.1
Uruguay,2021,40.8
Uruguay,2020,40.2
Uruguay,2019,39.7
Uruguay,2018,39.7
Uruguay,2017,39.5
Uruguay,2016,39.7
Uruguay,2015,40.1
Uruguay,2014,40.1
Uruguay,2013,40.5
Uruguay,2012,39.9
Uruguay,2011,42.2
Uruguay,2010,44.5
Uruguay,2009,45.5
Uruguay,2008,45.1
Uruguay,2007,46.4
Uruguay,2006,45.9
Uzbekistan,2003,35.3
Uzbekistan,2002,33
Uzbekistan,2000,36.1
Vanuatu,2019,32.3
Vanuatu,2010,37.4
Venezuela,2006,44.8
Venezuela,2005,49.5
Venezuela,2004,47.5
Venezuela,2003,48.1
Venezuela,2002,49
Venezuela,2001,47.2
Viet Nam,2020,36.8
Viet Nam,2018,35.7
Viet Nam,2016,35.3
Viet Nam,2014,34.8
Viet Nam,2012,35.6
Viet Nam,2010,39.3
Viet Nam,2008,35.6
Viet Nam,2006,35.8
Viet Nam,2004,36.8
Viet Nam,2002,37
West Bank and Gaza,2016,33.7
West Bank and Gaza,2011,34.4
West Bank and Gaza,2010,35.3
West Bank and Gaza,2009,34.5
West Bank and Gaza,2007,35.6
West Bank and Gaza,2006,34
West Bank and Gaza,2005,34.7
West Bank and Gaza,2004,34
Yemen,2014,36.7
Yemen,2005,34.7
Zambia,2015,55.9
Zambia,2010,52
Zambia,2006,54.6
Zambia,2004,54.3
Zambia,2002,42.1
Zimbabwe,2019,50.3
Zimbabwe,2017,44.3
Zimbabwe,2011,43.2
,,
footnoteSeqID,Footnote,
1,Based on data from HBS. Estimated from unit-record consumption data.,
2,Based on data from LSMS. Estimated from unit-record consumption data.,
3,Based on data from ENCNVM. Estimated from grouped consumption data.,
4,Based on data from IDREA. Estimated from unit-record consumption data.,
5,Based on data from IBEP-MICS. Estimated from unit-record consumption data.,
6,Based on data from EPHC-S2. Estimated from unit-record income data. Urban only.,
7,Based on data from EPH. Estimated from unit-record income data. Urban only.,
8,Based on data from ILCS. Estimated from unit-record consumption data.,
9,Based on data from SIH-LIS. Estimated from unit-record income data.,
10,Based on data from SIH-HES-LIS. Estimated from unit-record income data.,
11,Based on data from EU-SILC. Estimated from unit-record income data.,
12,Based on data from ECHP-LIS. Estimated from unit-record income data.,
13,Based on data from HIES. Estimated from unit-record consumption data.,
14,Based on data from HHS. Estimated from unit-record consumption data.,
15,Based on data from PSBH-ECHP-LIS. Estimated from unit-record income data.,
16,Based on data from EHCVM. Estimated from unit-record consumption data.,
17,Based on data from EMICOV. Estimated from unit-record consumption data.,
18,Based on data from QUIBB. Estimated from unit-record consumption data.,
19,Based on data from BLSS. Estimated from unit-record consumption data.,
20,Based on data from EH. Estimated from unit-record income data.,
21,Based on data from ECH. Estimated from unit-record income data.,
22,Based on data from BMTHS. Estimated from unit-record consumption data.,
23,Based on data from CWIS. Estimated from unit-record consumption data.,
24,Based on data from PNADC-E5. Estimated from unit-record income data.,
25,Based on data from PNADC-E1. Estimated from unit-record income data.,
26,Based on data from PNAD. Estimated from unit-record income data.,
27,Based on data from EMC. Estimated from unit-record consumption data.,
28,Based on data from ECVM. Estimated from unit-record consumption data.,
29,Based on data from ECVMB. Estimated from unit-record consumption data.,
30,Based on data from ENV. Estimated from unit-record consumption data.,
31,Based on data from IDRF. Estimated from unit-record consumption data.,
32,Based on data from ECAM-IV. Estimated from unit-record consumption data.,
33,Based on data from ECAM-III. Estimated from unit-record consumption data.,
34,Based on data from ECAM-II. Estimated from unit-record consumption data.,
35,Based on data from CIS-LIS. Estimated from unit-record income data.,
36,Based on data from SLID-LIS. Estimated from unit-record income data.,
37,Based on data from ECASEB. Estimated from unit-record consumption data.,
38,Based on data from ECOSIT-III. Estimated from unit-record consumption data.,
39,Based on data from ECOSIT-II. Estimated from unit-record consumption data.,
40,Based on data from CASEN. Estimated from unit-record income data.,
41,Based on data from CNIHS. Estimated from grouped consumption data.,
42,Based on data from CRHS-CUHS. Estimated from grouped consumption data.,
43,Based on data from GEIH. Estimated from unit-record income data.,
44,Based on data from ENH. Estimated from unit-record income data.,
45,Based on data from EESIC. Estimated from unit-record consumption data.,
46,Based on data from EIM. Estimated from unit-record consumption data.,
47,Based on data from ECOM. Estimated from unit-record consumption data.,
48,Based on data from ENAHO. Estimated from unit-record income data.,
49,Based on data from EHPM. Estimated from unit-record income data.,
50,Based on data from MC-LIS. Estimated from unit-record income data.,
51,Based on data from E123. Estimated from unit-record consumption data.,
52,Based on data from LM-LIS. Estimated from unit-record income data.,
53,Based on data from EDAM. Estimated from unit-record consumption data.,
54,Based on data from ECNFT-Q03. Estimated from unit-record income data.,
55,Based on data from ENFT. Estimated from unit-record income data.,
56,Based on data from ENEMDU. Estimated from unit-record income data.,
57,Based on data from EPED. Estimated from unit-record income data.,
58,Based on data from HIECS. Estimated from unit-record consumption data. PPP is partially imputed.,
59,Based on data from HICES. Estimated from unit-record consumption data.,
60,Based on data from IDS-LIS. Estimated from unit-record income data.,
61,Based on data from TSIS-LIS. Estimated from unit-record income data.,
62,Based on data from EGEP. Estimated from unit-record consumption data.,
63,Based on data from HIS. Estimated from unit-record consumption data.,
64,Based on data from GSOEP-LIS. Estimated from unit-record income data.,
65,Based on data from GLSS-VII. Estimated from unit-record consumption data.,
66,Based on data from GLSS-VI. Estimated from unit-record consumption data.,
67,Based on data from GLSS-V. Estimated from unit-record consumption data.,
68,Based on data from ENCOVI. Estimated from unit-record income data.,
69,Based on data from EHCVM. Estimated from unit-record consumption data. PPP is partially imputed.,
70,Based on data from ELEP. Estimated from unit-record consumption data. PPP is partially imputed.,
71,Based on data from EIBEP. Estimated from unit-record consumption data. PPP is partially imputed.,
72,Based on data from ILAP-II. Estimated from unit-record consumption data.,
73,Based on data from ILAP-I. Estimated from unit-record consumption data.,
74,Based on data from ECVMAS. Estimated from unit-record consumption data.,
75,Based on data from EPHPM. Estimated from unit-record income data.,
76,Based on data from CPHS. Estimated from imputed unit-record consumption data.,
77,Based on data from NSS-SCH1. Estimated from unit-record consumption data.,
78,Based on data from SUSENAS. Estimated from unit-record consumption data.,
79,Based on data from HEIS. Estimated from unit-record consumption data.,
80,Based on data from IHSES. Estimated from unit-record consumption data. PPP is partially imputed.,
81,Based on data from SILC-LIS. Estimated from unit-record income data.,
82,Based on data from LIS-ECHP-LIS. Estimated from unit-record income data.,
83,Based on data from HES-LIS. Estimated from unit-record income data.,
84,Based on data from SHIW-LIS. Estimated from unit-record income data.,
85,Based on data from SLC. Estimated from unit-record consumption data.,
86,Based on data from JHPS-LIS. Estimated from unit-record income data.,
87,Based on data from KCHS. Estimated from unit-record consumption data.,
88,Based on data from IHBS. Estimated from unit-record consumption data.,
89,Based on data from HIES. Estimated from unit-record consumption data. PPP is extrapolated from 2011.,
90,Based on data from HIES-FHES-LIS. Estimated from unit-record income data.,
91,Based on data from KIHS. Estimated from unit-record consumption data.,
92,Based on data from LECS. Estimated from unit-record consumption data.,
93,Based on data from CMSHBS. Estimated from unit-record consumption data.,
94,Based on data from CWIQ. Estimated from unit-record consumption data.,
95,Based on data from SEP-SILC-LIS. Estimated from unit-record income data.,
96,Based on data from PSELL-ECHP-LIS. Estimated from unit-record income data.,
97,Based on data from ENSOMD. Estimated from unit-record consumption data.,
98,Based on data from EPM. Estimated from unit-record consumption data.,
99,Based on data from IHS-V. Estimated from unit-record consumption data.,
100,Based on data from IHS-IV. Estimated from unit-record consumption data.,
101,Based on data from IHS-III. Estimated from unit-record consumption data.,
102,Based on data from IHS-II. Estimated from unit-record consumption data.,
103,Based on data from HIESBA. Estimated from unit-record income data.,
104,Based on data from HIS. Estimated from unit-record income data.,
105,Based on data from ELIM. Estimated from unit-record consumption data.,
106,Based on data from EMEP. Estimated from unit-record consumption data.,
107,Based on data from EPCV. Estimated from unit-record consumption data.,
108,Based on data from ENIGHNS. Estimated from unit-record income data.,
109,Based on data from ENIGH. Estimated from unit-record income data.,
110,Based on data from HSES. Estimated from unit-record consumption data.,
111,Based on data from HIES-LSMS. Estimated from unit-record consumption data.,
112,Based on data from SILC-C. Estimated from unit-record income data.,
113,Based on data from ENCDM. Estimated from unit-record consumption data.,
114,Based on data from ENNVM. Estimated from unit-record consumption data.,
115,Based on data from IOF. Estimated from unit-record consumption data.,
116,Based on data from IAF. Estimated from unit-record consumption data.,
117,Based on data from MLCS. Estimated from unit-record consumption data.,
118,Based on data from MPLCS. Estimated from unit-record consumption data.,
119,Based on data from NHIES. Estimated from unit-record consumption data.,
120,Based on data from LSS-III. Estimated from unit-record consumption data.,
121,Based on data from LSS-II. Estimated from unit-record consumption data.,
122,Based on data from EMNV. Estimated from unit-record income data.,
123,Based on data from ECVMA. Estimated from unit-record consumption data.,
124,Based on data from ENBCM. Estimated from unit-record consumption data.,
125,Based on data from ENCVM. Estimated from unit-record consumption data.,
126,Based on data from LSS. Estimated from unit-record consumption data. PPP is partially imputed.,
127,Based on data from GHSP-W3. Estimated from imputed unit-record consumption data. PPP is partially imputed.,
128,Based on data from GHSP-W2. Estimated from imputed unit-record consumption data. PPP is partially imputed.,
129,Based on data from GHSP-W1. Estimated from imputed unit-record consumption data. PPP is partially imputed.,
130,Based on data from PIHS. Estimated from unit-record consumption data.,
131,Based on data from EPH. Estimated from unit-record income data.,
132,Based on data from EIH. Estimated from unit-record income data.,
133,Based on data from FIES. Estimated from unit-record income data.,
134,Based on data from EICV-V. Estimated from unit-record consumption data.,
135,Based on data from EICV-IV. Estimated from unit-record consumption data.,
136,Based on data from EICV-III. Estimated from unit-record consumption data.,
137,Based on data from EICV-II. Estimated from unit-record consumption data.,
138,Based on data from EICV-I. Estimated from unit-record consumption data.,
139,Based on data from IOF. Estimated from unit-record consumption data. PPP is partially imputed.,
140,Based on data from ESPS-II. Estimated from unit-record consumption data.,
141,Based on data from ESPS-I. Estimated from unit-record consumption data.,
142,Based on data from ESAM-II. Estimated from unit-record consumption data.,
143,Based on data from HBS. Estimated from unit-record income data.,
144,Based on data from SLIHS. Estimated from unit-record consumption data.,
145,Based on data from LCS. Estimated from unit-record consumption data.,
146,Based on data from IES. Estimated from unit-record consumption data.,
147,Based on data from HIES. Estimated from grouped consumption data.,
148,Based on data from HFS-W3. Estimated from imputed unit-record consumption data.,
149,Based on data from NBHS. Estimated from unit-record consumption data.,
150,Based on data from SLC-HBS. Estimated from unit-record income data.,
151,Based on data from HIS-LIS. Estimated from unit-record income data.,
152,Based on data from IES-LIS. Estimated from unit-record income data.,
153,Based on data from HSITAFIEN. Estimated from unit-record consumption data.,
154,Based on data from TLSS. Estimated from unit-record consumption data.,
155,Based on data from SES. Estimated from unit-record consumption data.,
156,Based on data from IHS. Estimated from unit-record consumption data.,
157,Based on data from TLSLS. Estimated from unit-record consumption data. PPP is extrapolated from 2011.,
158,Based on data from TLSS. Estimated from unit-record consumption data. PPP is extrapolated from 2011.,
159,Based on data from NSHBCSL. Estimated from unit-record consumption data.,
160,Based on data from LSS. Estimated from grouped consumption data.,
161,Based on data from UNHS. Estimated from unit-record consumption data.,
162,Based on data from HLCS. Estimated from unit-record consumption data.,
163,Based on data from HIES. Estimated from grouped income data.,
164,Based on data from FRS-LIS. Estimated from unit-record income data.,
165,Based on data from CPS-ASEC-LIS. Estimated from unit-record income data.,
166,Based on data from CPS-LIS. Estimated from unit-record income data.,
167,Based on data from ECH-S2. Estimated from unit-record income data.,
168,Based on data from NSDP. Estimated from unit-record consumption data.,
169,Based on data from EHM. Estimated from unit-record income data. PPP is extrapolated from 2011.,
170,Based on data from VHLSS. Estimated from unit-record consumption data.,
171,Based on data from PECS. Estimated from unit-record consumption data.,
172,Based on data from HBS. Estimated from unit-record consumption data. PPP is extrapolated from 2011.,
173,Based on data from LCMS-VII. Estimated from unit-record consumption data.,
174,Based on data from LCMS-VI. Estimated from unit-record consumption data.,
175,Based on data from LCMS-V. Estimated from unit-record consumption data.,
176,Based on data from LCMS-IV. Estimated from unit-record consumption data.,
177,Based on data from LCMS-III. Estimated from unit-record consumption data.,
178,Based on data from PICES. Estimated from imputed unit-record consumption data.,
179,Based on data from PICES. Estimated from unit-record consumption data.,
180,Based on data from ICES. Estimated from grouped consumption data.,
